x-axis,2
second,Volt
-0.0562500624909,-0.0321608
-0.0557500624909,-0.0241206
-0.0552500624909,-0.0321608
-0.0547500624909,-0.0241206
-0.0542500624909,-0.0241206
-0.0537500624909,-0.0241206
-0.0532500624909,-0.0241206
-0.0527500624909,-0.0321608
-0.0522500624909,-0.0321608
-0.0517500624909,-0.0321608
-0.0512500624909,-0.0241206
-0.0507500624909,-0.0241206
-0.0502500624909,-0.0241206
-0.0497500624909,-0.0241206
-0.0492500624909,-0.0321608
-0.0487500624909,-0.0241206
-0.0482500624909,-0.0241206
-0.0477500624909,-0.0321608
-0.0472500624909,-0.0241206
-0.0467500624909,-0.0241206
-0.0462500624909,-0.0160804
-0.0457500624909,-0.0321608
-0.0452500624909,-0.0241206
-0.0447500624909,-0.0160804
-0.0442500624909,-0.0241206
-0.0437500624909,-0.0241206
-0.0432500624909,-0.0241206
-0.0427500624909,-0.0321608
-0.0422500624909,-0.0241206
-0.0417500624909,-0.0241206
-0.0412500624909,-0.0321608
-0.0407500624909,-0.0241206
-0.0402500624909,-0.0160804
-0.0397500624909,-0.0241206
-0.0392500624909,-0.0241206
-0.0387500624909,-0.0241206
-0.0382500624909,-0.0321608
-0.0377500624909,-0.0160804
-0.0372500624909,-0.0241206
-0.0367500624909,-0.0241206
-0.0362500624909,-0.0241206
-0.0357500624909,-0.0241206
-0.0352500624909,-0.0241206
-0.0347500624909,-0.0241206
-0.0342500624909,-0.0321608
-0.0337500624909,-0.0241206
-0.0332500624909,-0.0321608
-0.0327500624909,-0.0241206
-0.0322500624909,-0.0241206
-0.0317500624909,-0.0241206
-0.0312500624909,-0.0241206
-0.0307500624909,-0.0241206
-0.0302500624909,-0.0241206
-0.0297500624909,-0.0241206
-0.0292500624909,-0.0241206
-0.0287500624909,-0.0241206
-0.0282500624909,-0.0241206
-0.0277500624909,-0.0241206
-0.0272500624909,-0.0241206
-0.0267500624909,-0.0241206
-0.0262500624909,-0.0241206
-0.0257500624909,-0.0241206
-0.0252500624909,-0.0160804
-0.0247500624909,-0.0241206
-0.0242500624909,-0.0321608
-0.0237500624909,-0.0241206
-0.0232500624909,-0.0241206
-0.0227500624909,-0.040201
-0.0222500624909,-0.0321608
-0.0217500624909,-0.0321608
-0.0212500624909,-0.0241206
-0.0207500624909,-0.0241206
-0.0202500624909,-0.0241206
-0.0197500624909,-0.0241206
-0.0192500624909,-0.0241206
-0.0187500624909,-0.0241206
-0.0182500624909,-0.0241206
-0.0177500624909,-0.0241206
-0.0172500624909,-0.0241206
-0.0167500624909,-0.0241206
-0.0162500624909,-0.0241206
-0.0157500624909,-0.0160804
-0.0152500624909,-0.0321608
-0.0147500624909,-0.0241206
-0.0142500624909,-0.0241206
-0.0137500624909,-0.0241206
-0.0132500624909,-0.0160804
-0.0127500624909,-0.0321608
-0.0122500624909,-0.0241206
-0.0117500624909,-0.0241206
-0.0112500624909,-0.0241206
-0.0107500624909,-0.0241206
-0.0102500624909,-0.0241206
-0.00975006249094,-0.0241206
-0.00925006249094,-0.0241206
-0.00875006249094,-0.0241206
-0.00825006249094,-0.0241206
-0.00775006249094,-0.0321608
-0.00725006249094,-0.0321608
-0.00675006249094,-0.0241206
-0.00625006249094,-0.0160804
-0.00575006249094,-0.0241206
-0.00525006249094,-0.0321608
-0.00475006249094,-0.0160804
-0.00425006249094,-0.0241206
-0.00375006249094,-0.0241206
-0.00325006249094,-0.0241206
-0.00275006249094,-0.0241206
-0.00225006249094,-0.0241206
-0.00175006249094,-0.0241206
-0.00125006249094,-0.0241206
-0.000750062490937,-0.0241206
-0.000250062490937,-0.0321608
0.000249937509063,-0.297487
0.000749937509063,-0.369849
0.00124993750906,-0.321608
0.00174993750906,-0.281407
0.00224993750906,-0.305528
0.00274993750906,-0.297487
0.00324993750906,-0.313568
0.00374993750906,-0.313568
0.00424993750906,-0.337688
0.00474993750906,-0.369849
0.00524993750906,-0.377889
0.00574993750906,-0.369849
0.00624993750906,-0.40201
0.00674993750906,-0.41809
0.00724993750906,-0.442211
0.00774993750906,-0.434171
0.00824993750906,-0.442211
0.00874993750906,-0.530653
0.00924993750906,-0.530653
0.00974993750906,-0.522613
0.0102499375091,-0.498492
0.0107499375091,-0.506533
0.0112499375091,-0.482412
0.0117499375091,-0.458291
0.0122499375091,-0.41809
0.0127499375091,-0.41005
0.0132499375091,-0.361809
0.0137499375091,-0.38593
0.0142499375091,-0.353769
0.0147499375091,-0.329648
0.0152499375091,-0.337688
0.0157499375091,-0.345729
0.0162499375091,-0.313568
0.0167499375091,-0.313568
0.0172499375091,-0.345729
0.0177499375091,-0.353769
0.0182499375091,-0.39397
0.0187499375091,-0.377889
0.0192499375091,-0.377889
0.0197499375091,-0.369849
0.0202499375091,-0.377889
0.0207499375091,-0.38593
0.0212499375091,-0.377889
0.0217499375091,-0.377889
0.0222499375091,-0.39397
0.0227499375091,-0.458291
0.0232499375091,-0.466332
0.0237499375091,-0.514573
0.0242499375091,-0.554774
0.0247499375091,-0.570854
0.0252499375091,-0.538693
0.0257499375091,-0.538693
0.0262499375091,-0.506533
0.0267499375091,-0.498492
0.0272499375091,-0.474372
0.0277499375091,-0.41809
0.0282499375091,-0.377889
0.0287499375091,-0.369849
0.0292499375091,-0.321608
0.0297499375091,-0.249246
0.0302499375091,-0.201005
0.0307499375091,-0.225126
0.0312499375091,-0.265327
0.0317499375091,-0.281407
0.0322499375091,-0.305528
0.0327499375091,-0.353769
0.0332499375091,-0.40201
0.0337499375091,-0.434171
0.0342499375091,-0.474372
0.0347499375091,-0.482412
0.0352499375091,-0.538693
0.0357499375091,-0.530653
0.0362499375091,-0.546734
0.0367499375091,-0.514573
0.0372499375091,-0.498492
0.0377499375091,-0.474372
0.0382499375091,-0.434171
0.0387499375091,-0.38593
0.0392499375091,-0.41005
0.0397499375091,-0.39397
0.0402499375091,-0.40201
0.0407499375091,-0.38593
0.0412499375091,-0.39397
0.0417499375091,-0.434171
0.0422499375091,-0.40201
0.0427499375091,-0.434171
0.0432499375091,-0.41005
0.0437499375091,-0.369849
0.0442499375091,-0.361809
0.0447499375091,-0.329648
0.0452499375091,-0.297487
0.0457499375091,-0.273367
0.0462499375091,-0.289447
0.0467499375091,-0.305528
0.0472499375091,-0.297487
0.0477499375091,-0.321608
0.0482499375091,-0.337688
0.0487499375091,-0.38593
0.0492499375091,-0.41005
0.0497499375091,-0.498492
0.0502499375091,-0.594975
0.0507499375091,-0.627136
0.0512499375091,-0.603015
0.0517499375091,-0.578894
0.0522499375091,-0.570854
0.0527499375091,-0.506533
0.0532499375091,-0.490452
0.0537499375091,-0.450251
0.0542499375091,-0.39397
0.0547499375091,-0.353769
0.0552499375091,-0.337688
0.0557499375091,-0.273367
0.0562499375091,-0.289447
0.0567499375091,-0.265327
0.0572499375091,-0.265327
0.0577499375091,-0.265327
0.0582499375091,-0.305528
0.0587499375091,-0.353769
0.0592499375091,-0.39397
0.0597499375091,-0.40201
0.0602499375091,-0.434171
0.0607499375091,-0.458291
0.0612499375091,-0.434171
0.0617499375091,-0.434171
0.0622499375091,-0.434171
0.0627499375091,-0.458291
0.0632499375091,-0.482412
0.0637499375091,-0.458291
0.0642499375091,-0.474372
0.0647499375091,-0.482412
0.0652499375091,-0.450251
0.0657499375091,-0.450251
0.0662499375091,-0.466332
0.0667499375091,-0.474372
0.0672499375091,-0.474372
0.0677499375091,-0.482412
0.0682499375091,-0.442211
0.0687499375091,-0.466332
0.0692499375091,-0.498492
0.0697499375091,-0.450251
0.0702499375091,-0.41809
0.0707499375091,-0.361809
0.0712499375091,-0.337688
0.0717499375091,-0.305528
0.0722499375091,-0.225126
0.0727499375091,-0.233166
0.0732499375091,-0.257286
0.0737499375091,-0.265327
0.0742499375091,-0.313568
0.0747499375091,-0.321608
0.0752499375091,-0.377889
0.0757499375091,-0.41809
0.0762499375091,-0.474372
0.0767499375091,-0.522613
0.0772499375091,-0.570854
0.0777499375091,-0.611055
0.0782499375091,-0.586935
0.0787499375091,-0.554774
0.0792499375091,-0.506533
0.0797499375091,-0.466332
0.0802499375091,-0.442211
0.0807499375091,-0.39397
0.0812499375091,-0.345729
0.0817499375091,-0.345729
0.0822499375091,-0.369849
0.0827499375091,-0.361809
0.0832499375091,-0.345729
0.0837499375091,-0.329648
0.0842499375091,-0.321608
0.0847499375091,-0.345729
0.0852499375091,-0.321608
0.0857499375091,-0.345729
0.0862499375091,-0.345729
0.0867499375091,-0.361809
0.0872499375091,-0.345729
0.0877499375091,-0.353769
0.0882499375091,-0.345729
0.0887499375091,-0.369849
0.0892499375091,-0.38593
0.0897499375091,-0.369849
0.0902499375091,-0.369849
0.0907499375091,-0.434171
0.0912499375091,-0.490452
0.0917499375091,-0.482412
0.0922499375091,-0.522613
0.0927499375091,-0.538693
0.0932499375091,-0.546734
0.0937499375091,-0.530653
0.0942499375091,-0.514573
0.0947499375091,-0.498492
0.0952499375091,-0.474372
0.0957499375091,-0.458291
0.0962499375091,-0.426131
0.0967499375091,-0.38593
0.0972499375091,-0.361809
0.0977499375091,-0.313568
0.0982499375091,-0.257286
0.0987499375091,-0.249246
0.0992499375091,-0.241206
0.0997499375091,-0.257286
0.100249937509,-0.281407
0.100749937509,-0.305528
0.101249937509,-0.377889
0.101749937509,-0.41809
0.102249937509,-0.426131
0.102749937509,-0.458291
0.103249937509,-0.482412
0.103749937509,-0.514573
0.104249937509,-0.514573
0.104749937509,-0.530653
0.105249937509,-0.514573
0.105749937509,-0.490452
0.106249937509,-0.482412
0.106749937509,-0.434171
0.107249937509,-0.38593
0.107749937509,-0.41005
0.108249937509,-0.426131
0.108749937509,-0.442211
0.109249937509,-0.426131
0.109749937509,-0.434171
0.110249937509,-0.450251
0.110749937509,-0.442211
0.111249937509,-0.450251
0.111749937509,-0.41005
0.112249937509,-0.377889
0.112749937509,-0.353769
0.113249937509,-0.313568
0.113749937509,-0.281407
0.114249937509,-0.289447
0.114749937509,-0.297487
0.115249937509,-0.313568
0.115749937509,-0.305528
0.116249937509,-0.337688
0.116749937509,-0.353769
0.117249937509,-0.361809
0.117749937509,-0.39397
0.118249937509,-0.458291
0.118749937509,-0.530653
0.119249937509,-0.586935
0.119749937509,-0.586935
0.120249937509,-0.594975
0.120749937509,-0.570854
0.121249937509,-0.554774
0.121749937509,-0.530653
0.122249937509,-0.482412
0.122749937509,-0.41809
0.123249937509,-0.38593
0.123749937509,-0.345729
0.124249937509,-0.297487
0.124749937509,-0.297487
0.125249937509,-0.265327
0.125749937509,-0.233166
0.126249937509,-0.257286
0.126749937509,-0.305528
0.127249937509,-0.353769
0.127749937509,-0.39397
0.128249937509,-0.41005
0.128749937509,-0.426131
0.129249937509,-0.442211
0.129749937509,-0.458291
0.130249937509,-0.450251
0.130749937509,-0.450251
0.131249937509,-0.450251
0.131749937509,-0.450251
0.132249937509,-0.474372
0.132749937509,-0.482412
0.133249937509,-0.466332
0.133749937509,-0.466332
0.134249937509,-0.474372
0.134749937509,-0.466332
0.135249937509,-0.474372
0.135749937509,-0.482412
0.136249937509,-0.498492
0.136749937509,-0.474372
0.137249937509,-0.482412
0.137749937509,-0.522613
0.138249937509,-0.458291
0.138749937509,-0.434171
0.139249937509,-0.369849
0.139749937509,-0.345729
0.140249937509,-0.289447
0.140749937509,-0.233166
0.141249937509,-0.217085
0.141749937509,-0.249246
0.142249937509,-0.273367
0.142749937509,-0.305528
0.143249937509,-0.329648
0.143749937509,-0.38593
0.144249937509,-0.426131
0.144749937509,-0.442211
0.145249937509,-0.490452
0.145749937509,-0.530653
0.146249937509,-0.578894
0.146749937509,-0.586935
0.147249937509,-0.546734
0.147749937509,-0.522613
0.148249937509,-0.490452
0.148749937509,-0.450251
0.149249937509,-0.39397
0.149749937509,-0.38593
0.150249937509,-0.377889
0.150749937509,-0.38593
0.151249937509,-0.369849
0.151749937509,-0.337688
0.152249937509,-0.345729
0.152749937509,-0.361809
0.153249937509,-0.353769
0.153749937509,-0.329648
0.154249937509,-0.345729
0.154749937509,-0.337688
0.155249937509,-0.369849
0.155749937509,-0.353769
0.156249937509,-0.345729
0.156749937509,-0.353769
0.157249937509,-0.369849
0.157749937509,-0.361809
0.158249937509,-0.369849
0.158749937509,-0.337688
0.159249937509,-0.38593
0.159749937509,-0.442211
0.160249937509,-0.466332
0.160749937509,-0.530653
0.161249937509,-0.578894
0.161749937509,-0.578894
0.162249937509,-0.554774
0.162749937509,-0.538693
0.163249937509,-0.506533
0.163749937509,-0.506533
0.164249937509,-0.490452
0.164749937509,-0.450251
0.165249937509,-0.41005
0.165749937509,-0.39397
0.166249937509,-0.321608
0.166749937509,-0.297487
0.167249937509,-0.233166
0.167749937509,-0.217085
0.168249937509,-0.241206
0.168749937509,-0.257286
0.169249937509,-0.305528
0.169749937509,-0.353769
0.170249937509,-0.40201
0.170749937509,-0.434171
0.171249937509,-0.474372
0.171749937509,-0.482412
0.172249937509,-0.530653
0.172749937509,-0.538693
0.173249937509,-0.546734
0.173749937509,-0.530653
0.174249937509,-0.498492
0.174749937509,-0.482412
0.175249937509,-0.458291
0.175749937509,-0.41809
0.176249937509,-0.434171
0.176749937509,-0.40201
0.177249937509,-0.40201
0.177749937509,-0.39397
0.178249937509,-0.40201
0.178749937509,-0.426131
0.179249937509,-0.434171
0.179749937509,-0.434171
0.180249937509,-0.426131
0.180749937509,-0.40201
0.181249937509,-0.377889
0.181749937509,-0.337688
0.182249937509,-0.297487
0.182749937509,-0.289447
0.183249937509,-0.273367
0.183749937509,-0.297487
0.184249937509,-0.297487
0.184749937509,-0.313568
0.185249937509,-0.329648
0.185749937509,-0.353769
0.186249937509,-0.41005
0.186749937509,-0.466332
0.187249937509,-0.506533
0.187749937509,-0.570854
0.188249937509,-0.578894
0.188749937509,-0.570854
0.189249937509,-0.554774
0.189749937509,-0.522613
0.190249937509,-0.506533
0.190749937509,-0.466332
0.191249937509,-0.426131
0.191749937509,-0.38593
0.192249937509,-0.38593
0.192749937509,-0.337688
0.193249937509,-0.337688
0.193749937509,-0.289447
0.194249937509,-0.265327
0.194749937509,-0.273367
0.195249937509,-0.289447
0.195749937509,-0.329648
0.196249937509,-0.353769
0.196749937509,-0.361809
0.197249937509,-0.40201
0.197749937509,-0.41809
0.198249937509,-0.41809
0.198749937509,-0.426131
0.199249937509,-0.39397
0.199749937509,-0.41809
0.200249937509,-0.40201
0.200749937509,-0.41809
0.201249937509,-0.434171
0.201749937509,-0.458291
0.202249937509,-0.482412
0.202749937509,-0.482412
0.203249937509,-0.498492
0.203749937509,-0.498492
0.204249937509,-0.490452
0.204749937509,-0.490452
0.205249937509,-0.474372
0.205749937509,-0.482412
0.206249937509,-0.530653
0.206749937509,-0.506533
0.207249937509,-0.458291
0.207749937509,-0.40201
0.208249937509,-0.337688
0.208749937509,-0.289447
0.209249937509,-0.241206
0.209749937509,-0.184925
0.210249937509,-0.217085
0.210749937509,-0.241206
0.211249937509,-0.281407
0.211749937509,-0.297487
0.212249937509,-0.353769
0.212749937509,-0.377889
0.213249937509,-0.41809
0.213749937509,-0.450251
0.214249937509,-0.522613
0.214749937509,-0.530653
0.215249937509,-0.603015
0.215749937509,-0.562814
0.216249937509,-0.538693
0.216749937509,-0.506533
0.217249937509,-0.482412
0.217749937509,-0.426131
0.218249937509,-0.38593
0.218749937509,-0.361809
0.219249937509,-0.361809
0.219749937509,-0.377889
0.220249937509,-0.377889
0.220749937509,-0.361809
0.221249937509,-0.353769
0.221749937509,-0.38593
0.222249937509,-0.321608
0.222749937509,-0.369849
0.223249937509,-0.337688
0.223749937509,-0.353769
0.224249937509,-0.353769
0.224749937509,-0.329648
0.225249937509,-0.337688
0.225749937509,-0.337688
0.226249937509,-0.321608
0.226749937509,-0.329648
0.227249937509,-0.329648
0.227749937509,-0.377889
0.228249937509,-0.41809
0.228749937509,-0.466332
0.229249937509,-0.490452
0.229749937509,-0.546734
0.230249937509,-0.578894
0.230749937509,-0.570854
0.231249937509,-0.554774
0.231749937509,-0.530653
0.232249937509,-0.514573
0.232749937509,-0.490452
0.233249937509,-0.450251
0.233749937509,-0.40201
0.234249937509,-0.38593
0.234749937509,-0.329648
0.235249937509,-0.305528
0.235749937509,-0.265327
0.236249937509,-0.257286
0.236749937509,-0.241206
0.237249937509,-0.265327
0.237749937509,-0.281407
0.238249937509,-0.345729
0.238749937509,-0.38593
0.239249937509,-0.442211
0.239749937509,-0.442211
0.240249937509,-0.474372
0.240749937509,-0.498492
0.241249937509,-0.498492
0.241749937509,-0.506533
0.242249937509,-0.530653
0.242749937509,-0.506533
0.243249937509,-0.482412
0.243749937509,-0.434171
0.244249937509,-0.41005
0.244749937509,-0.426131
0.245249937509,-0.41809
0.245749937509,-0.41809
0.246249937509,-0.41005
0.246749937509,-0.41005
0.247249937509,-0.450251
0.247749937509,-0.442211
0.248249937509,-0.450251
0.248749937509,-0.434171
0.249249937509,-0.41005
0.249749937509,-0.40201
0.250249937509,-0.361809
0.250749937509,-0.305528
0.251249937509,-0.265327
0.251749937509,-0.265327
0.252249937509,-0.289447
0.252749937509,-0.297487
0.253249937509,-0.337688
0.253749937509,-0.337688
0.254249937509,-0.337688
0.254749937509,-0.39397
0.255249937509,-0.434171
0.255749937509,-0.498492
0.256249937509,-0.546734
0.256749937509,-0.603015
0.257249937509,-0.578894
0.257749937509,-0.562814
0.258249937509,-0.530653
0.258749937509,-0.514573
0.259249937509,-0.474372
0.259749937509,-0.434171
0.260249937509,-0.40201
0.260749937509,-0.40201
0.261249937509,-0.353769
0.261749937509,-0.361809
0.262249937509,-0.313568
0.262749937509,-0.297487
0.263249937509,-0.273367
0.263749937509,-0.281407
0.264249937509,-0.321608
0.264749937509,-0.345729
0.265249937509,-0.361809
0.265749937509,-0.39397
0.266249937509,-0.41809
0.266749937509,-0.41005
0.267249937509,-0.41809
0.267749937509,-0.39397
0.268249937509,-0.40201
0.268749937509,-0.41005
0.269249937509,-0.39397
0.269749937509,-0.39397
0.270249937509,-0.434171
0.270749937509,-0.426131
0.271249937509,-0.466332
0.271749937509,-0.482412
0.272249937509,-0.498492
0.272749937509,-0.490452
0.273249937509,-0.490452
0.273749937509,-0.482412
0.274249937509,-0.490452
0.274749937509,-0.514573
0.275249937509,-0.498492
0.275749937509,-0.450251
0.276249937509,-0.39397
0.276749937509,-0.377889
0.277249937509,-0.337688
0.277749937509,-0.273367
0.278249937509,-0.233166
0.278749937509,-0.241206
0.279249937509,-0.257286
0.279749937509,-0.289447
0.280249937509,-0.313568
0.280749937509,-0.377889
0.281249937509,-0.41005
0.281749937509,-0.41809
0.282249937509,-0.450251
0.282749937509,-0.506533
0.283249937509,-0.562814
0.283749937509,-0.554774
0.284249937509,-0.554774
0.284749937509,-0.538693
0.285249937509,-0.490452
0.285749937509,-0.466332
0.286249937509,-0.41809
0.286749937509,-0.39397
0.287249937509,-0.39397
0.287749937509,-0.39397
0.288249937509,-0.41005
0.288749937509,-0.39397
0.289249937509,-0.369849
0.289749937509,-0.377889
0.290249937509,-0.38593
0.290749937509,-0.361809
0.291249937509,-0.369849
0.291749937509,-0.38593
0.292249937509,-0.361809
0.292749937509,-0.361809
0.293249937509,-0.353769
0.293749937509,-0.321608
0.294249937509,-0.337688
0.294749937509,-0.321608
0.295249937509,-0.305528
0.295749937509,-0.313568
0.296249937509,-0.337688
0.296749937509,-0.377889
0.297249937509,-0.39397
0.297749937509,-0.40201
0.298249937509,-0.482412
0.298749937509,-0.562814
0.299249937509,-0.562814
0.299749937509,-0.554774
0.300249937509,-0.554774
0.300749937509,-0.530653
0.301249937509,-0.522613
0.301749937509,-0.482412
0.302249937509,-0.450251
0.302749937509,-0.426131
0.303249937509,-0.377889
0.303749937509,-0.329648
0.304249937509,-0.305528
0.304749937509,-0.265327
0.305249937509,-0.257286
0.305749937509,-0.265327
0.306249937509,-0.281407
0.306749937509,-0.345729
0.307249937509,-0.377889
0.307749937509,-0.40201
0.308249937509,-0.41809
0.308749937509,-0.41809
0.309249937509,-0.442211
0.309749937509,-0.474372
0.310249937509,-0.466332
0.310749937509,-0.490452
0.311249937509,-0.514573
0.311749937509,-0.490452
0.312249937509,-0.474372
0.312749937509,-0.442211
0.313249937509,-0.434171
0.313749937509,-0.458291
0.314249937509,-0.434171
0.314749937509,-0.434171
0.315249937509,-0.450251
0.315749937509,-0.450251
0.316249937509,-0.466332
0.316749937509,-0.466332
0.317249937509,-0.450251
0.317749937509,-0.442211
0.318249937509,-0.41005
0.318749937509,-0.41005
0.319249937509,-0.313568
0.319749937509,-0.297487
0.320249937509,-0.257286
0.320749937509,-0.265327
0.321249937509,-0.273367
0.321749937509,-0.289447
0.322249937509,-0.289447
0.322749937509,-0.297487
0.323249937509,-0.329648
0.323749937509,-0.41809
0.324249937509,-0.442211
0.324749937509,-0.506533
0.325249937509,-0.603015
0.325749937509,-0.611055
0.326249937509,-0.578894
0.326749937509,-0.554774
0.327249937509,-0.530653
0.327749937509,-0.482412
0.328249937509,-0.450251
0.328749937509,-0.40201
0.329249937509,-0.39397
0.329749937509,-0.361809
0.330249937509,-0.353769
0.330749937509,-0.337688
0.331249937509,-0.329648
0.331749937509,-0.305528
0.332249937509,-0.321608
0.332749937509,-0.313568
0.333249937509,-0.337688
0.333749937509,-0.361809
0.334249937509,-0.38593
0.334749937509,-0.40201
0.335249937509,-0.39397
0.335749937509,-0.377889
0.336249937509,-0.38593
0.336749937509,-0.38593
0.337249937509,-0.39397
0.337749937509,-0.41005
0.338249937509,-0.39397
0.338749937509,-0.426131
0.339249937509,-0.40201
0.339749937509,-0.450251
0.340249937509,-0.498492
0.340749937509,-0.522613
0.341249937509,-0.522613
0.341749937509,-0.554774
0.342249937509,-0.514573
0.342749937509,-0.522613
0.343249937509,-0.570854
0.343749937509,-0.514573
0.344249937509,-0.474372
0.344749937509,-0.458291
0.345249937509,-0.41005
0.345749937509,-0.361809
0.346249937509,-0.297487
0.346749937509,-0.257286
0.347249937509,-0.249246
0.347749937509,-0.273367
0.348249937509,-0.281407
0.348749937509,-0.305528
0.349249937509,-0.337688
0.349749937509,-0.369849
0.350249937509,-0.41005
0.350749937509,-0.426131
0.351249937509,-0.506533
0.351749937509,-0.522613
0.352249937509,-0.578894
0.352749937509,-0.554774
0.353249937509,-0.538693
0.353749937509,-0.490452
0.354249937509,-0.490452
0.354749937509,-0.434171
0.355249937509,-0.426131
0.355749937509,-0.40201
0.356249937509,-0.40201
0.356749937509,-0.40201
0.357249937509,-0.39397
0.357749937509,-0.40201
0.358249937509,-0.41005
0.358749937509,-0.41809
0.359249937509,-0.369849
0.359749937509,-0.38593
0.360249937509,-0.39397
0.360749937509,-0.40201
0.361249937509,-0.361809
0.361749937509,-0.329648
0.362249937509,-0.337688
0.362749937509,-0.313568
0.363249937509,-0.313568
0.363749937509,-0.297487
0.364249937509,-0.289447
0.364749937509,-0.313568
0.365249937509,-0.353769
0.365749937509,-0.353769
0.366249937509,-0.41005
0.366749937509,-0.490452
0.367249937509,-0.522613
0.367749937509,-0.578894
0.368249937509,-0.562814
0.368749937509,-0.538693
0.369249937509,-0.538693
0.369749937509,-0.498492
0.370249937509,-0.458291
0.370749937509,-0.426131
0.371249937509,-0.41809
0.371749937509,-0.38593
0.372249937509,-0.329648
0.372749937509,-0.297487
0.373249937509,-0.281407
0.373749937509,-0.273367
0.374249937509,-0.257286
0.374749937509,-0.281407
0.375249937509,-0.313568
0.375749937509,-0.369849
0.376249937509,-0.38593
0.376749937509,-0.41809
0.377249937509,-0.40201
0.377749937509,-0.434171
0.378249937509,-0.474372
0.378749937509,-0.458291
0.379249937509,-0.498492
0.379749937509,-0.506533
0.380249937509,-0.482412
0.380749937509,-0.434171
0.381249937509,-0.41005
0.381749937509,-0.41809
0.382249937509,-0.434171
0.382749937509,-0.434171
0.383249937509,-0.442211
0.383749937509,-0.450251
0.384249937509,-0.450251
0.384749937509,-0.466332
0.385249937509,-0.474372
0.385749937509,-0.466332
0.386249937509,-0.442211
0.386749937509,-0.426131
0.387249937509,-0.39397
0.387749937509,-0.337688
0.388249937509,-0.321608
0.388749937509,-0.265327
0.389249937509,-0.273367
0.389749937509,-0.281407
0.390249937509,-0.297487
0.390749937509,-0.305528
0.391249937509,-0.305528
0.391749937509,-0.369849
0.392249937509,-0.41809
0.392749937509,-0.450251
0.393249937509,-0.506533
0.393749937509,-0.578894
0.394249937509,-0.570854
0.394749937509,-0.586935
0.395249937509,-0.562814
0.395749937509,-0.530653
0.396249937509,-0.506533
0.396749937509,-0.450251
0.397249937509,-0.41005
0.397749937509,-0.38593
0.398249937509,-0.345729
0.398749937509,-0.337688
0.399249937509,-0.329648
0.399749937509,-0.289447
0.400249937509,-0.289447
0.400749937509,-0.289447
0.401249937509,-0.329648
0.401749937509,-0.329648
0.402249937509,-0.353769
0.402749937509,-0.361809
0.403249937509,-0.38593
0.403749937509,-0.38593
0.404249937509,-0.39397
0.404749937509,-0.377889
0.405249937509,-0.39397
0.405749937509,-0.361809
0.406249937509,-0.361809
0.406749937509,-0.40201
0.407249937509,-0.41005
0.407749937509,-0.40201
0.408249937509,-0.450251
0.408749937509,-0.490452
0.409249937509,-0.530653
0.409749937509,-0.522613
0.410249937509,-0.554774
0.410749937509,-0.514573
0.411249937509,-0.514573
0.411749937509,-0.530653
0.412249937509,-0.490452
0.412749937509,-0.450251
0.413249937509,-0.40201
0.413749937509,-0.377889
0.414249937509,-0.353769
0.414749937509,-0.281407
0.415249937509,-0.249246
0.415749937509,-0.241206
0.416249937509,-0.233166
0.416749937509,-0.241206
0.417249937509,-0.273367
0.417749937509,-0.329648
0.418249937509,-0.369849
0.418749937509,-0.41809
0.419249937509,-0.426131
0.419749937509,-0.490452
0.420249937509,-0.530653
0.420749937509,-0.594975
0.421249937509,-0.586935
0.421749937509,-0.554774
0.422249937509,-0.514573
0.422749937509,-0.482412
0.423249937509,-0.458291
0.423749937509,-0.41809
0.424249937509,-0.41005
0.424749937509,-0.41005
0.425249937509,-0.426131
0.425749937509,-0.41005
0.426249937509,-0.39397
0.426749937509,-0.41809
0.427249937509,-0.40201
0.427749937509,-0.41809
0.428249937509,-0.41809
0.428749937509,-0.40201
0.429249937509,-0.40201
0.429749937509,-0.369849
0.430249937509,-0.297487
0.430749937509,-0.289447
0.431249937509,-0.313568
0.431749937509,-0.297487
0.432249937509,-0.305528
0.432749937509,-0.289447
0.433249937509,-0.321608
0.433749937509,-0.361809
0.434249937509,-0.353769
0.434749937509,-0.38593
0.435249937509,-0.474372
0.435749937509,-0.522613
0.436249937509,-0.586935
0.436749937509,-0.578894
0.437249937509,-0.562814
0.437749937509,-0.562814
0.438249937509,-0.546734
0.438749937509,-0.506533
0.439249937509,-0.458291
0.439749937509,-0.434171
0.440249937509,-0.38593
0.440749937509,-0.337688
0.441249937509,-0.313568
0.441749937509,-0.297487
0.442249937509,-0.289447
0.442749937509,-0.257286
0.443249937509,-0.265327
0.443749937509,-0.313568
0.444249937509,-0.353769
0.444749937509,-0.39397
0.445249937509,-0.38593
0.445749937509,-0.41005
0.446249937509,-0.434171
0.446749937509,-0.450251
0.447249937509,-0.450251
0.447749937509,-0.450251
0.448249937509,-0.498492
0.448749937509,-0.450251
0.449249937509,-0.458291
0.449749937509,-0.41809
0.450249937509,-0.442211
0.450749937509,-0.434171
0.451249937509,-0.442211
0.451749937509,-0.458291
0.452249937509,-0.466332
0.452749937509,-0.474372
0.453249937509,-0.482412
0.453749937509,-0.514573
0.454249937509,-0.482412
0.454749937509,-0.458291
0.455249937509,-0.450251
0.455749937509,-0.41809
0.456249937509,-0.353769
0.456749937509,-0.329648
0.457249937509,-0.281407
0.457749937509,-0.257286
0.458249937509,-0.257286
0.458749937509,-0.289447
0.459249937509,-0.305528
0.459749937509,-0.321608
0.460249937509,-0.353769
0.460749937509,-0.40201
0.461249937509,-0.442211
0.461749937509,-0.498492
0.462249937509,-0.562814
0.462749937509,-0.578894
0.463249937509,-0.586935
0.463749937509,-0.562814
0.464249937509,-0.546734
0.464749937509,-0.514573
0.465249937509,-0.458291
0.465749937509,-0.434171
0.466249937509,-0.40201
0.466749937509,-0.353769
0.467249937509,-0.353769
0.467749937509,-0.345729
0.468249937509,-0.313568
0.468749937509,-0.305528
0.469249937509,-0.313568
0.469749937509,-0.337688
0.470249937509,-0.321608
0.470749937509,-0.337688
0.471249937509,-0.377889
0.471749937509,-0.377889
0.472249937509,-0.369849
0.472749937509,-0.361809
0.473249937509,-0.345729
0.473749937509,-0.345729
0.474249937509,-0.369849
0.474749937509,-0.361809
0.475249937509,-0.38593
0.475749937509,-0.41005
0.476249937509,-0.39397
0.476749937509,-0.442211
0.477249937509,-0.482412
0.477749937509,-0.538693
0.478249937509,-0.546734
0.478749937509,-0.546734
0.479249937509,-0.514573
0.479749937509,-0.530653
0.480249937509,-0.530653
0.480749937509,-0.514573
0.481249937509,-0.482412
0.481749937509,-0.434171
0.482249937509,-0.40201
0.482749937509,-0.369849
0.483249937509,-0.297487
0.483749937509,-0.273367
0.484249937509,-0.217085
0.484749937509,-0.225126
0.485249937509,-0.257286
0.485749937509,-0.273367
0.486249937509,-0.313568
0.486749937509,-0.337688
0.487249937509,-0.40201
0.487749937509,-0.41005
0.488249937509,-0.474372
0.488749937509,-0.474372
0.489249937509,-0.522613
0.489749937509,-0.546734
0.490249937509,-0.538693
0.490749937509,-0.522613
0.491249937509,-0.498492
0.491749937509,-0.458291
0.492249937509,-0.426131
0.492749937509,-0.41005
0.493249937509,-0.426131
0.493749937509,-0.41809
0.494249937509,-0.41005
0.494749937509,-0.426131
0.495249937509,-0.41809
0.495749937509,-0.41809
0.496249937509,-0.39397
0.496749937509,-0.40201
0.497249937509,-0.434171
0.497749937509,-0.442211
0.498249937509,-0.40201
0.498749937509,-0.377889
0.499249937509,-0.321608
0.499749937509,-0.313568
0.500249937509,-0.305528
0.500749937509,-0.305528
0.501249937509,-0.297487
0.501749937509,-0.329648
0.502249937509,-0.353769
0.502749937509,-0.361809
0.503249937509,-0.39397
0.503749937509,-0.474372
0.504249937509,-0.530653
0.504749937509,-0.586935
0.505249937509,-0.570854
0.505749937509,-0.546734
0.506249937509,-0.546734
0.506749937509,-0.514573
0.507249937509,-0.482412
0.507749937509,-0.450251
0.508249937509,-0.41005
0.508749937509,-0.377889
0.509249937509,-0.337688
0.509749937509,-0.321608
0.510249937509,-0.297487
0.510749937509,-0.257286
0.511249937509,-0.241206
0.511749937509,-0.249246
0.512249937509,-0.289447
0.512749937509,-0.337688
0.513249937509,-0.369849
0.513749937509,-0.40201
0.514249937509,-0.41005
0.514749937509,-0.434171
0.515249937509,-0.434171
0.515749937509,-0.442211
0.516249937509,-0.458291
0.516749937509,-0.442211
0.517249937509,-0.458291
0.517749937509,-0.41809
0.518249937509,-0.450251
0.518749937509,-0.466332
0.519249937509,-0.466332
0.519749937509,-0.482412
0.520249937509,-0.474372
0.520749937509,-0.482412
0.521249937509,-0.506533
0.521749937509,-0.490452
0.522249937509,-0.514573
0.522749937509,-0.482412
0.523249937509,-0.466332
0.523749937509,-0.442211
0.524249937509,-0.426131
0.524749937509,-0.377889
0.525249937509,-0.345729
0.525749937509,-0.305528
0.526249937509,-0.225126
0.526749937509,-0.225126
0.527249937509,-0.233166
0.527749937509,-0.257286
0.528249937509,-0.265327
0.528749937509,-0.305528
0.529249937509,-0.369849
0.529749937509,-0.41005
0.530249937509,-0.458291
0.530749937509,-0.530653
0.531249937509,-0.522613
0.531749937509,-0.578894
0.532249937509,-0.546734
0.532749937509,-0.546734
0.533249937509,-0.498492
0.533749937509,-0.458291
0.534249937509,-0.426131
0.534749937509,-0.426131
0.535249937509,-0.377889
0.535749937509,-0.40201
0.536249937509,-0.369849
0.536749937509,-0.361809
0.537249937509,-0.337688
0.537749937509,-0.329648
0.538249937509,-0.369849
0.538749937509,-0.353769
0.539249937509,-0.337688
0.539749937509,-0.38593
0.540249937509,-0.361809
0.540749937509,-0.377889
0.541249937509,-0.40201
0.541749937509,-0.353769
0.542249937509,-0.369849
0.542749937509,-0.337688
0.543249937509,-0.345729
0.543749937509,-0.345729
0.544249937509,-0.38593
0.544749937509,-0.38593
0.545249937509,-0.426131
0.545749937509,-0.458291
0.546249937509,-0.538693
0.546749937509,-0.538693
0.547249937509,-0.546734
0.547749937509,-0.522613
0.548249937509,-0.530653
0.548749937509,-0.530653
0.549249937509,-0.514573
0.549749937509,-0.482412
0.550249937509,-0.434171
0.550749937509,-0.40201
0.551249937509,-0.377889
0.551749937509,-0.321608
0.552249937509,-0.297487
0.552749937509,-0.273367
0.553249937509,-0.209045
0.553749937509,0.466332
0.554249937509,0.466332
0.554749937509,0.39397
0.555249937509,0.361809
0.555749937509,0.329648
0.556249937509,0.313568
0.556749937509,0.281407
0.557249937509,0.265327
0.557749937509,0.233166
0.558249937509,0.273367
0.558749937509,0.273367
0.559249937509,0.241206
0.559749937509,0.249246
0.560249937509,0.281407
0.560749937509,0.289447
0.561249937509,0.289447
0.561749937509,0.289447
0.562249937509,0.289447
0.562749937509,0.305528
0.563249937509,0.289447
0.563749937509,0.297487
0.564249937509,0.289447
0.564749937509,0.305528
0.565249937509,0.321608
0.565749937509,0.305528
0.566249937509,0.329648
0.566749937509,0.361809
0.567249937509,0.450251
0.567749937509,0.490452
0.568249937509,0.474372
0.568749937509,0.490452
0.569249937509,0.490452
0.569749937509,0.490452
0.570249937509,0.458291
0.570749937509,0.442211
0.571249937509,0.40201
0.571749937509,0.337688
0.572249937509,0.257286
0.572749937509,0.225126
0.573249937509,0.217085
0.573749937509,0.184925
0.574249937509,0.184925
0.574749937509,0.201005
0.575249937509,0.233166
0.575749937509,0.265327
0.576249937509,0.305528
0.576749937509,0.329648
0.577249937509,0.353769
0.577749937509,0.38593
0.578249937509,0.41809
0.578749937509,0.426131
0.579249937509,0.458291
0.579749937509,0.482412
0.580249937509,0.482412
0.580749937509,0.434171
0.581249937509,0.41005
0.581749937509,0.353769
0.582249937509,0.337688
0.582749937509,0.345729
0.583249937509,0.321608
0.583749937509,0.337688
0.584249937509,0.345729
0.584749937509,0.321608
0.585249937509,0.337688
0.585749937509,0.361809
0.586249937509,0.40201
0.586749937509,0.369849
0.587249937509,0.329648
0.587749937509,0.305528
0.588249937509,0.241206
0.588749937509,0.241206
0.589249937509,0.225126
0.589749937509,0.217085
0.590249937509,0.241206
0.590749937509,0.249246
0.591249937509,0.281407
0.591749937509,0.313568
0.592249937509,0.313568
0.592749937509,0.353769
0.593249937509,0.40201
0.593749937509,0.458291
0.594249937509,0.482412
0.594749937509,0.514573
0.595249937509,0.506533
0.595749937509,0.490452
0.596249937509,0.482412
0.596749937509,0.458291
0.597249937509,0.426131
0.597749937509,0.353769
0.598249937509,0.289447
0.598749937509,0.273367
0.599249937509,0.192965
0.599749937509,0.209045
0.600249937509,0.192965
0.600749937509,0.160804
0.601249937509,0.201005
0.601749937509,0.241206
0.602249937509,0.289447
0.602749937509,0.321608
0.603249937509,0.313568
0.603749937509,0.361809
0.604249937509,0.345729
0.604749937509,0.353769
0.605249937509,0.345729
0.605749937509,0.353769
0.606249937509,0.361809
0.606749937509,0.353769
0.607249937509,0.39397
0.607749937509,0.41005
0.608249937509,0.38593
0.608749937509,0.41809
0.609249937509,0.41809
0.609749937509,0.434171
0.610249937509,0.450251
0.610749937509,0.426131
0.611249937509,0.426131
0.611749937509,0.434171
0.612249937509,0.426131
0.612749937509,0.41005
0.613249937509,0.40201
0.613749937509,0.38593
0.614249937509,0.337688
0.614749937509,0.273367
0.615249937509,0.233166
0.615749937509,0.160804
0.616249937509,0.192965
0.616749937509,0.192965
0.617249937509,0.184925
0.617749937509,0.217085
0.618249937509,0.233166
0.618749937509,0.321608
0.619249937509,0.369849
0.619749937509,0.39397
0.620249937509,0.458291
0.620749937509,0.482412
0.621249937509,0.506533
0.621749937509,0.506533
0.622249937509,0.474372
0.622749937509,0.458291
0.623249937509,0.41809
0.623749937509,0.369849
0.624249937509,0.361809
0.624749937509,0.361809
0.625249937509,0.313568
0.625749937509,0.305528
0.626249937509,0.289447
0.626749937509,0.305528
0.627249937509,0.281407
0.627749937509,0.257286
0.628249937509,0.249246
0.628749937509,0.297487
0.629249937509,0.313568
0.629749937509,0.329648
0.630249937509,0.313568
0.630749937509,0.305528
0.631249937509,0.297487
0.631749937509,0.297487
0.632249937509,0.289447
0.632749937509,0.265327
0.633249937509,0.281407
0.633749937509,0.289447
0.634249937509,0.257286
0.634749937509,0.257286
0.635249937509,0.321608
0.635749937509,0.41809
0.636249937509,0.490452
0.636749937509,0.498492
0.637249937509,0.498492
0.637749937509,0.490452
0.638249937509,0.466332
0.638749937509,0.434171
0.639249937509,0.41005
0.639749937509,0.38593
0.640249937509,0.337688
0.640749937509,0.297487
0.641249937509,0.249246
0.641749937509,0.209045
0.642249937509,0.192965
0.642749937509,0.184925
0.643249937509,0.201005
0.643749937509,0.225126
0.644249937509,0.249246
0.644749937509,0.297487
0.645249937509,0.321608
0.645749937509,0.353769
0.646249937509,0.38593
0.646749937509,0.442211
0.647249937509,0.466332
0.647749937509,0.450251
0.648249937509,0.506533
0.648749937509,0.474372
0.649249937509,0.41005
0.649749937509,0.377889
0.650249937509,0.353769
0.650749937509,0.337688
0.651249937509,0.337688
0.651749937509,0.337688
0.652249937509,0.345729
0.652749937509,0.345729
0.653249937509,0.369849
0.653749937509,0.353769
0.654249937509,0.361809
0.654749937509,0.40201
0.655249937509,0.426131
0.655749937509,0.38593
0.656249937509,0.329648
0.656749937509,0.289447
0.657249937509,0.225126
0.657749937509,0.217085
0.658249937509,0.217085
0.658749937509,0.225126
0.659249937509,0.217085
0.659749937509,0.241206
0.660249937509,0.273367
0.660749937509,0.329648
0.661249937509,0.345729
0.661749937509,0.41005
0.662249937509,0.41809
0.662749937509,0.482412
0.663249937509,0.522613
0.663749937509,0.514573
0.664249937509,0.482412
0.664749937509,0.450251
0.665249937509,0.426131
0.665749937509,0.40201
0.666249937509,0.361809
0.666749937509,0.329648
0.667249937509,0.289447
0.667749937509,0.273367
0.668249937509,0.241206
0.668749937509,0.201005
0.669249937509,0.168844
0.669749937509,0.192965
0.670249937509,0.217085
0.670749937509,0.289447
0.671249937509,0.313568
0.671749937509,0.337688
0.672249937509,0.369849
0.672749937509,0.345729
0.673249937509,0.369849
0.673749937509,0.361809
0.674249937509,0.369849
0.674749937509,0.38593
0.675249937509,0.361809
0.675749937509,0.337688
0.676249937509,0.361809
0.676749937509,0.377889
0.677249937509,0.38593
0.677749937509,0.41005
0.678249937509,0.41005
0.678749937509,0.442211
0.679249937509,0.434171
0.679749937509,0.450251
0.680249937509,0.458291
0.680749937509,0.41809
0.681249937509,0.41005
0.681749937509,0.41005
0.682249937509,0.361809
0.682749937509,0.337688
0.683249937509,0.265327
0.683749937509,0.225126
0.684249937509,0.176884
0.684749937509,0.184925
0.685249937509,0.176884
0.685749937509,0.217085
0.686249937509,0.225126
0.686749937509,0.257286
0.687249937509,0.305528
0.687749937509,0.369849
0.688249937509,0.38593
0.688749937509,0.434171
0.689249937509,0.474372
0.689749937509,0.506533
0.690249937509,0.522613
0.690749937509,0.490452
0.691249937509,0.458291
0.691749937509,0.41809
0.692249937509,0.39397
0.692749937509,0.361809
0.693249937509,0.345729
0.693749937509,0.313568
0.694249937509,0.305528
0.694749937509,0.289447
0.695249937509,0.281407
0.695749937509,0.273367
0.696249937509,0.281407
0.696749937509,0.281407
0.697249937509,0.313568
0.697749937509,0.305528
0.698249937509,0.313568
0.698749937509,0.281407
0.699249937509,0.273367
0.699749937509,0.289447
0.700249937509,0.289447
0.700749937509,0.273367
0.701249937509,0.265327
0.701749937509,0.281407
0.702249937509,0.273367
0.702749937509,0.273367
0.703249937509,0.257286
0.703749937509,0.313568
0.704249937509,0.40201
0.704749937509,0.466332
0.705249937509,0.498492
0.705749937509,0.514573
0.706249937509,0.514573
0.706749937509,0.506533
0.707249937509,0.458291
0.707749937509,0.426131
0.708249937509,0.41809
0.708749937509,0.345729
0.709249937509,0.305528
0.709749937509,0.281407
0.710249937509,0.225126
0.710749937509,0.225126
0.711249937509,0.160804
0.711749937509,0.176884
0.712249937509,0.209045
0.712749937509,0.257286
0.713249937509,0.289447
0.713749937509,0.297487
0.714249937509,0.329648
0.714749937509,0.38593
0.715249937509,0.39397
0.715749937509,0.41005
0.716249937509,0.41005
0.716749937509,0.450251
0.717249937509,0.458291
0.717749937509,0.434171
0.718249937509,0.41005
0.718749937509,0.39397
0.719249937509,0.377889
0.719749937509,0.377889
0.720249937509,0.377889
0.720749937509,0.38593
0.721249937509,0.40201
0.721749937509,0.39397
0.722249937509,0.39397
0.722749937509,0.377889
0.723249937509,0.41809
0.723749937509,0.41005
0.724249937509,0.38593
0.724749937509,0.353769
0.725249937509,0.297487
0.725749937509,0.257286
0.726249937509,0.217085
0.726749937509,0.184925
0.727249937509,0.192965
0.727749937509,0.176884
0.728249937509,0.209045
0.728749937509,0.225126
0.729249937509,0.273367
0.729749937509,0.321608
0.730249937509,0.377889
0.730749937509,0.426131
0.731249937509,0.466332
0.731749937509,0.546734
0.732249937509,0.546734
0.732749937509,0.522613
0.733249937509,0.498492
0.733749937509,0.466332
0.734249937509,0.434171
0.734749937509,0.377889
0.735249937509,0.321608
0.735749937509,0.281407
0.736249937509,0.233166
0.736749937509,0.233166
0.737249937509,0.209045
0.737749937509,0.184925
0.738249937509,0.176884
0.738749937509,0.233166
0.739249937509,0.281407
0.739749937509,0.305528
0.740249937509,0.313568
0.740749937509,0.361809
0.741249937509,0.321608
0.741749937509,0.329648
0.742249937509,0.337688
0.742749937509,0.329648
0.743249937509,0.353769
0.743749937509,0.321608
0.744249937509,0.361809
0.744749937509,0.361809
0.745249937509,0.337688
0.745749937509,0.377889
0.746249937509,0.442211
0.746749937509,0.450251
0.747249937509,0.466332
0.747749937509,0.458291
0.748249937509,0.474372
0.748749937509,0.458291
0.749249937509,0.434171
0.749749937509,0.40201
0.750249937509,0.41005
0.750749937509,0.38593
0.751249937509,0.313568
0.751749937509,0.297487
0.752249937509,0.233166
0.752749937509,0.184925
0.753249937509,0.184925
0.753749937509,0.176884
0.754249937509,0.217085
0.754749937509,0.217085
0.755249937509,0.273367
0.755749937509,0.313568
0.756249937509,0.329648
0.756749937509,0.369849
0.757249937509,0.41005
0.757749937509,0.442211
0.758249937509,0.458291
0.758749937509,0.506533
0.759249937509,0.482412
0.759749937509,0.466332
0.760249937509,0.426131
0.760749937509,0.39397
0.761249937509,0.369849
0.761749937509,0.377889
0.762249937509,0.329648
0.762749937509,0.305528
0.763249937509,0.297487
0.763749937509,0.321608
0.764249937509,0.321608
0.764749937509,0.313568
0.765249937509,0.297487
0.765749937509,0.345729
0.766249937509,0.329648
0.766749937509,0.337688
0.767249937509,0.297487
0.767749937509,0.281407
0.768249937509,0.281407
0.768749937509,0.265327
0.769249937509,0.249246
0.769749937509,0.241206
0.770249937509,0.249246
0.770749937509,0.233166
0.771249937509,0.241206
0.771749937509,0.257286
0.772249937509,0.313568
0.772749937509,0.38593
0.773249937509,0.434171
0.773749937509,0.490452
0.774249937509,0.514573
0.774749937509,0.530653
0.775249937509,0.530653
0.775749937509,0.482412
0.776249937509,0.450251
0.776749937509,0.41005
0.777249937509,0.377889
0.777749937509,0.313568
0.778249937509,0.265327
0.778749937509,0.265327
0.779249937509,0.225126
0.779749937509,0.128643
0.780249937509,0.144724
0.780749937509,0.168844
0.781249937509,0.209045
0.781749937509,0.257286
0.782249937509,0.297487
0.782749937509,0.345729
0.783249937509,0.377889
0.783749937509,0.426131
0.784249937509,0.442211
0.784749937509,0.434171
0.785249937509,0.450251
0.785749937509,0.442211
0.786249937509,0.442211
0.786749937509,0.40201
0.787249937509,0.38593
0.787749937509,0.369849
0.788249937509,0.369849
0.788749937509,0.345729
0.789249937509,0.361809
0.789749937509,0.39397
0.790249937509,0.39397
0.790749937509,0.41005
0.791249937509,0.426131
0.791749937509,0.458291
0.792249937509,0.434171
0.792749937509,0.38593
0.793249937509,0.38593
0.793749937509,0.329648
0.794249937509,0.265327
0.794749937509,0.217085
0.795249937509,0.176884
0.795749937509,0.168844
0.796249937509,0.168844
0.796749937509,0.192965
0.797249937509,0.225126
0.797749937509,0.273367
0.798249937509,0.305528
0.798749937509,0.353769
0.799249937509,0.38593
0.799749937509,0.434171
0.800249937509,0.530653
0.800749937509,0.530653
0.801249937509,0.498492
0.801749937509,0.474372
0.802249937509,0.458291
0.802749937509,0.434171
0.803249937509,0.369849
0.803749937509,0.345729
0.804249937509,0.313568
0.804749937509,0.289447
0.805249937509,0.297487
0.805749937509,0.265327
0.806249937509,0.241206
0.806749937509,0.217085
0.807249937509,0.201005
0.807749937509,0.249246
0.808249937509,0.273367
0.808749937509,0.281407
0.809249937509,0.305528
0.809749937509,0.289447
0.810249937509,0.313568
0.810749937509,0.321608
0.811249937509,0.313568
0.811749937509,0.321608
0.812249937509,0.305528
0.812749937509,0.321608
0.813249937509,0.361809
0.813749937509,0.361809
0.814249937509,0.377889
0.814749937509,0.426131
0.815249937509,0.458291
0.815749937509,0.450251
0.816249937509,0.450251
0.816749937509,0.466332
0.817249937509,0.442211
0.817749937509,0.426131
0.818249937509,0.39397
0.818749937509,0.40201
0.819249937509,0.39397
0.819749937509,0.353769
0.820249937509,0.297487
0.820749937509,0.265327
0.821249937509,0.241206
0.821749937509,0.184925
0.822249937509,0.176884
0.822749937509,0.184925
0.823249937509,0.225126
0.823749937509,0.257286
0.824249937509,0.289447
0.824749937509,0.321608
0.825249937509,0.345729
0.825749937509,0.38593
0.826249937509,0.41809
0.826749937509,0.434171
0.827249937509,0.498492
0.827749937509,0.506533
0.828249937509,0.482412
0.828749937509,0.434171
0.829249937509,0.40201
0.829749937509,0.377889
0.830249937509,0.38593
0.830749937509,0.353769
0.831249937509,0.329648
0.831749937509,0.329648
0.832249937509,0.329648
0.832749937509,0.321608
0.833249937509,0.329648
0.833749937509,0.337688
0.834249937509,0.337688
0.834749937509,0.329648
0.835249937509,0.313568
0.835749937509,0.281407
0.836249937509,0.241206
0.836749937509,0.249246
0.837249937509,0.257286
0.837749937509,0.257286
0.838249937509,0.273367
0.838749937509,0.281407
0.839249937509,0.281407
0.839749937509,0.305528
0.840249937509,0.305528
0.840749937509,0.361809
0.841249937509,0.38593
0.841749937509,0.450251
0.842249937509,0.482412
0.842749937509,0.490452
0.843249937509,0.506533
0.843749937509,0.506533
0.844249937509,0.482412
0.844749937509,0.442211
0.845249937509,0.40201
0.845749937509,0.369849
0.846249937509,0.321608
0.846749937509,0.297487
0.847249937509,0.257286
0.847749937509,0.225126
0.848249937509,0.168844
0.848749937509,0.168844
0.849249937509,0.184925
0.849749937509,0.233166
0.850249937509,0.265327
0.850749937509,0.281407
0.851249937509,0.305528
0.851749937509,0.337688
0.852249937509,0.353769
0.852749937509,0.377889
0.853249937509,0.377889
0.853749937509,0.40201
0.854249937509,0.40201
0.854749937509,0.426131
0.855249937509,0.434171
0.855749937509,0.41005
0.856249937509,0.40201
0.856749937509,0.40201
0.857249937509,0.38593
0.857749937509,0.39397
0.858249937509,0.41005
0.858749937509,0.40201
0.859249937509,0.39397
0.859749937509,0.39397
0.860249937509,0.41809
0.860749937509,0.41005
0.861249937509,0.377889
0.861749937509,0.345729
0.862249937509,0.289447
0.862749937509,0.233166
0.863249937509,0.209045
0.863749937509,0.192965
0.864249937509,0.209045
0.864749937509,0.217085
0.865249937509,0.225126
0.865749937509,0.249246
0.866249937509,0.265327
0.866749937509,0.313568
0.867249937509,0.353769
0.867749937509,0.369849
0.868249937509,0.442211
0.868749937509,0.506533
0.869249937509,0.546734
0.869749937509,0.506533
0.870249937509,0.498492
0.870749937509,0.466332
0.871249937509,0.426131
0.871749937509,0.39397
0.872249937509,0.369849
0.872749937509,0.337688
0.873249937509,0.305528
0.873749937509,0.313568
0.874249937509,0.289447
0.874749937509,0.265327
0.875249937509,0.249246
0.875749937509,0.217085
0.876249937509,0.241206
0.876749937509,0.257286
0.877249937509,0.265327
0.877749937509,0.305528
0.878249937509,0.281407
0.878749937509,0.305528
0.879249937509,0.313568
0.879749937509,0.313568
0.880249937509,0.313568
0.880749937509,0.305528
0.881249937509,0.313568
0.881749937509,0.337688
0.882249937509,0.329648
0.882749937509,0.353769
0.883249937509,0.38593
0.883749937509,0.442211
0.884249937509,0.474372
0.884749937509,0.466332
0.885249937509,0.466332
0.885749937509,0.474372
0.886249937509,0.450251
0.886749937509,0.426131
0.887249937509,0.442211
0.887749937509,0.41005
0.888249937509,0.39397
0.888749937509,0.321608
0.889249937509,0.281407
0.889749937509,0.217085
0.890249937509,0.168844
0.890749937509,0.152764
0.891249937509,0.152764
0.891749937509,0.176884
0.892249937509,0.225126
0.892749937509,0.281407
0.893249937509,0.297487
0.893749937509,0.353769
0.894249937509,0.38593
0.894749937509,0.442211
0.895249937509,0.442211
0.895749937509,0.514573
0.896249937509,0.530653
0.896749937509,0.506533
0.897249937509,0.426131
0.897749937509,0.39397
0.898249937509,0.369849
0.898749937509,0.361809
0.899249937509,0.321608
0.899749937509,0.297487
0.900249937509,0.305528
0.900749937509,0.305528
0.901249937509,0.329648
0.901749937509,0.313568
0.902249937509,0.353769
0.902749937509,0.38593
0.903249937509,0.38593
0.903749937509,0.361809
0.904249937509,0.337688
0.904749937509,0.313568
0.905249937509,0.297487
0.905749937509,0.225126
0.906249937509,0.225126
0.906749937509,0.209045
0.907249937509,0.217085
0.907749937509,0.217085
0.908249937509,0.225126
0.908749937509,0.225126
0.909249937509,0.289447
0.909749937509,0.337688
0.910249937509,0.39397
0.910749937509,0.434171
0.911249937509,0.522613
0.911749937509,0.538693
0.912249937509,0.538693
0.912749937509,0.530653
0.913249937509,0.490452
0.913749937509,0.458291
0.914249937509,0.41005
0.914749937509,0.345729
0.915249937509,0.305528
0.915749937509,0.281407
0.916249937509,0.249246
0.916749937509,0.136683
0.917249937509,0.136683
0.917749937509,0.160804
0.918249937509,0.209045
0.918749937509,0.241206
0.919249937509,0.281407
0.919749937509,0.337688
0.920249937509,0.353769
0.920749937509,0.377889
0.921249937509,0.377889
0.921749937509,0.39397
0.922249937509,0.41005
0.922749937509,0.434171
0.923249937509,0.41809
0.923749937509,0.361809
0.924249937509,0.369849
0.924749937509,0.377889
0.925249937509,0.369849
0.925749937509,0.369849
0.926249937509,0.40201
0.926749937509,0.41809
0.927249937509,0.41005
0.927749937509,0.41809
0.928249937509,0.434171
0.928749937509,0.482412
0.929249937509,0.474372
0.929749937509,0.426131
0.930249937509,0.39397
0.930749937509,0.337688
0.931249937509,0.289447
0.931749937509,0.265327
0.932249937509,0.192965
0.932749937509,0.184925
0.933249937509,0.168844
0.933749937509,0.201005
0.934249937509,0.233166
0.934749937509,0.249246
0.935249937509,0.281407
0.935749937509,0.353769
0.936249937509,0.369849
0.936749937509,0.41005
0.937249937509,0.474372
0.937749937509,0.538693
0.938249937509,0.514573
0.938749937509,0.498492
0.939249937509,0.474372
0.939749937509,0.434171
0.940249937509,0.40201
0.940749937509,0.377889
0.941249937509,0.329648
0.941749937509,0.289447
0.942249937509,0.305528
0.942749937509,0.305528
0.943249937509,0.313568